ФИО,Улица,Дом,Квартира,Год рождения,,,,,
Суворов Макар Александрович,Нахимовский проспект,26,89,2004,,Ленинский проспект,,,Абрамова Кристина Андреевна
Туманов Сергей Михайлович,Улица Марии Ульяновой,12,121,1970,,Улица Гарибальди,,,Александрова Василиса Ивановна
Баранова Василиса Александровна,Проспект Вернадского,8,158,1966,,Улица Вавилова,,,Алексеев Степан Семёнович
Баранова Василиса Александровна,Улица Академика Пилюгина,3,29,1965,,Проспект Вернадского,,,Алексеев Матвей Яковлевич
Шилова Алиса Ивановна,Улица Академика Пилюгина,13,276,1971,,Улица Строителей,Улица Панфёрова,,Алешина Кристина Евгеньевна
Астахова Виктория Васильевна,Улица Строителей,3,17,1954,,Улица Крупской,,,Ананьев Алексей Семёнович
Герасимов Андрей Матвеевич,Улица Марии Ульяновой,6,254,1978,,Улица Марии Ульяновой,,,Андреева Ева Андреевна
Тихонова Мария Фёдоровна,Улица Вавилова,24,68,1979,,Улица Кравченко,,,Анохина Полина Кирилловна
Хохлов Александр Михайлович,Улица Марии Ульяновой,10,156,1958,,Улица Панфёрова,,,Антонов Артём Платонович
Соловьева София Константиновна,Нахимовский проспект,29,181,1981,,Улица Академика Пилюгина,,,Астахова София Ильинична
Алешина Кристина Евгеньевна,Нахимовский проспект,21,47,1960,,Улица Архитектора Власова,,,Астахова Виктория Васильевна
Прокофьев Дмитрий Родионович,Улица Строителей,17,197,1990,,Нахимовский проспект,,,Балашова Анна Савельевна
Усова Алиса Николаевна,Проспект Вернадского,19,40,1983,,,,,Баранова Алиса Ивановна
Орлов Вадим Иванович,Улица Академика Пилюгина,25,91,1952,,,,,Баранова Майя Михайловна
Миронов Иван Никитич,Ленинский проспект,21,257,1979,,,,,Баранова Василиса Александровна
Левин Сергей Ильич,Улица Гарибальди,3,191,1950,,,,,Баранова Виктория Максимовна
Суворов Макар Александрович,Улица Панфёрова,28,274,1997,,,,,Белов Максим Демидович
Васильева София Николаевна,Ленинский проспект,27,136,2001,,,,,Белова София Львовна
Давыдов Кирилл Янович,Улица Гарибальди,17,138,1959,,,,,Белова Анастасия Ивановна
Тихонова Мария Фёдоровна,Нахимовский проспект,21,68,1996,,,,,Беляева Ева Данииловна
Орлов Вадим Иванович,Улица Вавилова,24,12,1991,,,,,Блохина Елизавета Ильинична
Панфилова Зоя Петровна,Ленинский проспект,19,98,1963,,,,,Богданов Владимир Маркович
Жданова Ульяна Никитична,Улица Архитектора Власова,20,205,1993,,,,,Васильев Кирилл Ильич
Сергеев Гордей Ярославович,Улица Марии Ульяновой,25,117,2000,,,,,Васильев Михаил Константинович
Куликов Ярослав Фёдорович,Улица Вавилова,3,236,1987,,,,,Васильева София Николаевна
Тихомиров Герман Даниилович,Улица Академика Пилюгина,22,273,1960,,,,,Васильева Вероника Мироновна
Герасимов Андрей Матвеевич,Проспект Вернадского,12,176,1958,,,,,Васильева София Марковна
Моисеева София Максимовна,Улица Строителей,11,110,1989,,,,,Власова Алина Андреевна
Шишкин Константин Павлович,Улица Строителей,23,58,1985,,,,,Волков Кирилл Маркович
Петрова Алиса Степановна,Улица Строителей,13,286,1979,,,,,Воронин Сергей Дмитриевич
Филиппова София Максимовна,Улица Крупской,18,201,1988,,,,,Воронина Полина Глебовна
Федотова Полина Максимовна,Улица Академика Пилюгина,24,80,1964,,,,,Герасимов Андрей Матвеевич
Иванов Максим Тимофеевич,Улица Кравченко,26,145,1986,,,,,Герасимов Артур Денисович
Коротков Кирилл Мирославович,Улица Вавилова,5,93,1996,,,,,Глухова Полина Андреевна
Филимонова Анна Владимировна,Улица Марии Ульяновой,13,37,1988,,,,,Голиков Лев Никитич
Васильева София Марковна,Ленинский проспект,23,153,1959,,,,,Голиков Кирилл Маркович
Николаева Дарина Григорьевна,Улица Панфёрова,17,136,1987,,,,,Гордеева Диана Михайловна
Петрова Таисия Артёмовна,Проспект Вернадского,6,188,1993,,,,,Горелов Владимир Дмитриевич
Фомин Артём Андреевич,Улица Панфёрова,28,199,1968,,,,,Грачев Платон Русланович
Дьякова Анастасия Александровна,Улица Вавилова,18,201,1980,,,,,Григорьев Пётр Александрович
Терентьева Арина Марковна,Улица Гарибальди,3,230,2005,,,,,Гришина Кира Артемьевна
Левин Максим Богданович,Улица Архитектора Власова,5,171,2001,,,,,Громова Кира Антоновна
Васильев Михаил Константинович,Улица Кравченко,3,223,2003,,,,,Давыдов Кирилл Янович
Климова Екатерина Михайловна,Улица Панфёрова,20,164,1963,,,,,Данилова Диана Тимуровна
Орлов Георгий Иванович,Улица Крупской,11,86,1978,,,,,Денисов Илья Дмитриевич
Захарова Дарина Ярославовна,Улица Гарибальди,14,99,1990,,,,,Денисов Алексей Романович
Никитина Мария Руслановна,Улица Гарибальди,10,82,1964,,,,,Дмитриев Ярослав Романович
Голиков Лев Никитич,Улица Вавилова,26,243,1966,,,,,Добрынин Дмитрий Тихонович
Осипов Вадим Борисович,Улица Архитектора Власова,13,104,1952,,,,,Дорофеев Никита Александрович
Максимова Полина Максимовна,Проспект Вернадского,15,268,1988,,,,,Дорофеева Анна Фёдоровна
Новикова Кира Борисовна,Улица Кравченко,8,112,1975,,,,,Дьякова Анастасия Александровна
Беляева Ева Данииловна,Улица Вавилова,4,92,1974,,,,,Егоров Глеб Семёнович
Калинин Даниил Артёмович,Улица Марии Ульяновой,10,29,2001,,,,,Егорова Надежда Дмитриевна
Алешина Кристина Евгеньевна,Улица Панфёрова,21,200,1964,,,,,Ежова Ксения Георгиевна
Иванов Артём Иванович,Улица Крупской,25,22,1963,,,,,Елизарова Антонина Игоревна
Васильева София Николаевна,Проспект Вернадского,18,78,1991,,,,,Ермакова Майя Никитична
Новикова София Елисеевна,Улица Архитектора Власова,1,273,1986,,,,,Жданов Кирилл Фёдорович
Карпова Арина Григорьевна,Ленинский проспект,23,104,1989,,,,,Жданов Илья Михайлович
Воронина Полина Глебовна,Улица Кравченко,7,107,1985,,,,,Жданова Ульяна Никитична
Белова Анастасия Ивановна,Нахимовский проспект,9,277,2005,,,,,Захаров Роман Денисович
Моисеева София Максимовна,Улица Гарибальди,6,42,1952,,,,,Захаров Николай Александрович
Осипов Вадим Борисович,Нахимовский проспект,8,175,1995,,,,,Захаров Илья Никитич
Елизарова Антонина Игоревна,Ленинский проспект,16,120,1969,,,,,Захарова Дарина Ярославовна
Скворцов Максим Мирославович,Нахимовский проспект,18,269,1970,,,,,Зубков Алексей Арсеньевич
Пономарева Мирослава Григорьевна,Улица Строителей,22,117,2004,,,,,Иванов Артём Иванович
Иванов Максим Тимофеевич,Улица Крупской,9,265,1962,,,,,Иванов Даниил Олегович
Константинов Александр Юрьевич,Улица Вавилова,30,107,1977,,,,,Иванов Дмитрий Ярославович
Волков Кирилл Маркович,Улица Панфёрова,28,66,1980,,,,,Иванов Максим Тимофеевич
Колесников Георгий Маркович,Проспект Вернадского,26,267,1977,,,,,Иванова Татьяна Юрьевна
Ежова Ксения Георгиевна,Проспект Вернадского,8,122,2004,,,,,Исаев Илья Георгиевич
Романов Сергей Михайлович,Улица Кравченко,22,186,1979,,,,,Калинин Даниил Артёмович
Глухова Полина Андреевна,Улица Панфёрова,5,177,1982,,,,,Карпов Александр Тимурович
Константинов Александр Юрьевич,Улица Строителей,5,128,1972,,,,,Карпов Григорий Иванович
Григорьев Пётр Александрович,Улица Кравченко,1,206,1970,,,,,Карпова Арина Григорьевна
Тарасова Арина Глебовна,Улица Гарибальди,14,7,1956,,,,,Карташов Марк Владимирович
Матвеева Ева Андреевна,Улица Кравченко,30,159,1961,,,,,Климова Екатерина Михайловна
Яковлев Леонид Константинович,Улица Крупской,22,259,1997,,,,,Кожевников Иван Евгеньевич
Степанов Дмитрий Александрович,Улица Марии Ульяновой,25,76,1982,,,,,Козлов Роман Сергеевич
Иванов Артём Иванович,Улица Академика Пилюгина,30,8,1996,,,,,Козлов Глеб Матвеевич
Алексеев Степан Семёнович,Улица Марии Ульяновой,11,21,2004,,,,,Козлов Иван Михайлович
Никитина Мария Руслановна,Улица Крупской,3,44,1974,,,,,Козлова Виктория Дмитриевна
Морозов Роман Артурович,Улица Кравченко,27,271,1959,,,,,Колесников Георгий Маркович
Васильев Михаил Константинович,Улица Вавилова,12,206,1990,,,,,Константинов Александр Юрьевич
Платонова Алиса Степановна,Улица Академика Пилюгина,15,179,1990,,,,,Копылов Григорий Платонович
Орлов Вадим Иванович,Ленинский проспект,16,80,1978,,,,,Коровина Екатерина Юрьевна
Панфилова Зоя Петровна,Ленинский проспект,1,284,1952,,,,,Коротков Кирилл Мирославович
Власова Алина Андреевна,Улица Панфёрова,18,205,1992,,,,,Крючков Вячеслав Андреевич
Терентьева Арина Марковна,Улица Марии Ульяновой,25,249,1973,,,,,Кудрявцева Анна Тимофеевна
Пономарева Мирослава Григорьевна,Проспект Вернадского,4,238,1967,,,,,Кукушкин Павел Львович
Кудрявцева Анна Тимофеевна,Улица Академика Пилюгина,17,38,1975,,,,,Куликов Ярослав Фёдорович
Туманов Сергей Михайлович,Улица Строителей,15,166,1978,,,,,Куликова Мария Никитична
Шишкин Константин Павлович,Улица Крупской,1,145,1960,,,,,Лазарева Анна Григорьевна
Иванов Артём Иванович,Улица Архитектора Власова,20,295,1954,,,,,Ларина Александра Ярославовна
Попов Даниил Михайлович,Ленинский проспект,19,289,1979,,,,,Латышев Роман Михайлович
Астахова Виктория Васильевна,Улица Строителей,29,270,1972,,,,,Лебедева Василиса Андреевна
Миронов Иван Никитич,Улица Крупской,21,29,1973,,,,,Левин Максим Богданович
Новикова София Елисеевна,Улица Вавилова,7,246,2004,,,,,Левин Сергей Ильич
Гордеева Диана Михайловна,Улица Академика Пилюгина,16,76,1971,,,,,Левина Анна Александровна
Орлова Алёна Романовна,Улица Вавилова,24,46,1971,,,,,Леонтьев Семён Иванович
Карпов Александр Тимурович,Улица Панфёрова,7,196,2002,,,,,Литвинова Полина Лукинична
Филиппова София Максимовна,Улица Гарибальди,2,232,1989,,,,,Максимова Полина Кирилловна
Кудрявцева Анна Тимофеевна,Улица Строителей,23,39,2005,,,,,Максимова Анна Фёдоровна
Белова Анастасия Ивановна,Улица Панфёрова,17,59,1980,,,,,Максимова Полина Максимовна
Иванов Артём Иванович,Ленинский проспект,8,33,1969,,,,,Максимова Алиса Ярославовна
Крючков Вячеслав Андреевич,Улица Вавилова,1,129,1991,,,,,Мартынов Даниил Демьянович
Тарасова Арина Глебовна,Улица Крупской,9,150,1991,,,,,Матвеева Ева Андреевна
Новикова София Елисеевна,Улица Марии Ульяновой,28,29,1982,,,,,Миронов Илья Мирославович
Соколова Василиса Александровна,Улица Гарибальди,10,182,1993,,,,,Миронов Иван Никитич
Прокофьев Дмитрий Родионович,Улица Панфёрова,6,212,1951,,,,,Михайлов Елисей Михайлович
Серебрякова Дарья Георгиевна,Улица Панфёрова,25,7,1993,,,,,Моисеева София Максимовна
Фирсова Василиса Марковна,Улица Гарибальди,2,264,1986,,,,,Морозов Роман Артурович
Крючков Вячеслав Андреевич,Улица Марии Ульяновой,13,85,1966,,,,,Наумов Артём Константинович
Максимова Алиса Ярославовна,Ленинский проспект,19,222,1972,,,,,Никитина Мария Руслановна
Баранова Василиса Александровна,Ленинский проспект,9,222,1987,,,,,Николаева Дарина Григорьевна
Григорьев Пётр Александрович,Улица Гарибальди,25,100,1981,,,,,Николаева Валерия Владимировна
Белова Анастасия Ивановна,Улица Кравченко,22,227,1982,,,,,Никонова София Константиновна
Коротков Кирилл Мирославович,Улица Марии Ульяновой,8,51,1979,,,,,Новиков Андрей Георгиевич
Филимонова Анна Владимировна,Проспект Вернадского,7,95,1997,,,,,Новикова Кристина Васильевна
Щеглова Мария Артёмовна,Проспект Вернадского,18,185,1976,,,,,Новикова София Елисеевна
Дорофеева Анна Фёдоровна,Улица Академика Пилюгина,27,11,2002,,,,,Новикова Елизавета Дмитриевна
Овчинникова Ольга Ильинична,Улица Марии Ульяновой,14,5,1950,,,,,Новикова Кира Борисовна
Дорофеева Анна Фёдоровна,Улица Архитектора Власова,29,143,1969,,,,,Овчинникова Ольга Ильинична
Матвеева Ева Андреевна,Улица Марии Ульяновой,28,135,1990,,,,,Овчинникова Дарья Ильинична
Сергеев Михаил Станиславович,Улица Гарибальди,22,135,1963,,,,,Озеров Григорий Иванович
Степанов Дмитрий Александрович,Проспект Вернадского,14,1,1987,,,,,Орлов Вадим Иванович
Серебрякова Дарья Георгиевна,Улица Панфёрова,25,156,1997,,,,,Орлов Игорь Александрович
Моисеева София Максимовна,Проспект Вернадского,21,195,1999,,,,,Орлов Георгий Иванович
Баранова Виктория Максимовна,Улица Архитектора Власова,23,86,1980,,,,,Орлова Алёна Романовна
Туманов Сергей Михайлович,Улица Вавилова,21,205,1967,,,,,Осипов Александр Тимофеевич
Орлов Георгий Иванович,Ленинский проспект,2,14,1983,,,,,Осипов Вадим Борисович
Ермакова Майя Никитична,Улица Кравченко,13,223,1993,,,,,Островский Макар Глебович
Никонова София Константиновна,Ленинский проспект,18,89,1993,,,,,Павлов Лев Александрович
Иванов Артём Иванович,Улица Вавилова,11,176,2005,,,,,Павлов Евгений Кириллович
Климова Екатерина Михайловна,Улица Академика Пилюгина,18,261,1997,,,,,Павлов Кирилл Александрович
Снегирева Дарья Глебовна,Улица Архитектора Власова,10,146,2002,,,,,Панфилова Зоя Петровна
Левин Максим Богданович,Улица Панфёрова,7,283,1997,,,,,Пахомов Владислав Макарович
Жданова Ульяна Никитична,Улица Академика Пилюгина,17,298,1997,,,,,Петров Георгий Николаевич
Герасимов Артур Денисович,Улица Крупской,21,275,1982,,,,,Петрова Алиса Степановна
Елизарова Антонина Игоревна,Улица Кравченко,16,31,1951,,,,,Петрова Таисия Артёмовна
Васильев Кирилл Ильич,Ленинский проспект,19,56,1959,,,,,Петровская Анастасия Макаровна
Кукушкин Павел Львович,Улица Кравченко,16,285,1954,,,,,Петровская Полина Максимовна
Петрова Таисия Артёмовна,Улица Марии Ульяновой,3,93,1955,,,,,Платонова Алиса Степановна
Миронов Иван Никитич,Улица Марии Ульяновой,25,80,1964,,,,,Плотников Елисей Ильич
Орлов Игорь Александрович,Проспект Вернадского,6,276,1992,,,,,Полякова Мария Артёмовна
Иванова Татьяна Юрьевна,Улица Марии Ульяновой,4,193,1996,,,,,Пономарева Ирина Александровна
Константинов Александр Юрьевич,Ленинский проспект,7,54,1958,,,,,Пономарева Мирослава Григорьевна
Власова Алина Андреевна,Улица Вавилова,21,272,1988,,,,,Попов Леонид Макарович
Павлов Евгений Кириллович,Улица Архитектора Власова,24,216,2003,,,,,Попов Илья Матвеевич
Панфилова Зоя Петровна,Улица Академика Пилюгина,28,63,2004,,,,,Попов Даниил Михайлович
Карпова Арина Григорьевна,Улица Академика Пилюгина,6,243,1984,,,,,Прокофьев Дмитрий Родионович
Соколов Михаил Романович,Улица Марии Ульяновой,13,29,1979,,,,,Прохоров Андрей Арсеньевич
Моисеева София Максимовна,Улица Вавилова,25,120,1994,,,,,Родионова Дарья Александровна
Туманов Сергей Михайлович,Улица Кравченко,17,208,1981,,,,,Романов Сергей Михайлович
Карпов Александр Тимурович,Улица Вавилова,6,162,1972,,,,,Романова Вероника Николаевна
Петровская Анастасия Макаровна,Улица Архитектора Власова,11,150,2002,,,,,Рыбаков Фёдор Дмитриевич
Миронов Иван Никитич,Ленинский проспект,24,265,2000,,,,,Сазонова Анастасия Александровна
Соловьева София Константиновна,Нахимовский проспект,24,269,1983,,,,,Самсонова Милана Матвеевна
Сидоров Матвей Даниилович,Улица Строителей,13,142,2005,,,,,Селиванова Елизавета Марковна
Симонов Роман Андреевич,Улица Гарибальди,14,20,1972,,,,,Семенова Виктория Ивановна
Воронина Полина Глебовна,Проспект Вернадского,7,147,2003,,,,,Сергеев Гордей Ярославович
Глухова Полина Андреевна,Улица Архитектора Власова,13,151,1954,,,,,Сергеев Михаил Станиславович
Соколов Михаил Романович,Улица Крупской,23,146,1975,,,,,Серебрякова Полина Ярославовна
Гришина Кира Артемьевна,Улица Строителей,6,280,1990,,,,,Серебрякова Дарья Георгиевна
Романова Вероника Николаевна,Улица Гарибальди,12,56,1957,,,,,Сидоров Матвей Даниилович
Тихонова Мария Фёдоровна,Проспект Вернадского,23,3,1966,,,,,Симонов Роман Андреевич
Соловьева Елизавета Ивановна,Улица Марии Ульяновой,7,54,1998,,,,,Скворцов Максим Мирославович
Алексеев Степан Семёнович,Улица Гарибальди,27,226,1962,,,,,Смирнова Полина Максимовна
Кожевников Иван Евгеньевич,Улица Архитектора Власова,25,137,1968,,,,,Снегирева Дарья Глебовна
Соколова Василиса Александровна,Улица Панфёрова,11,200,2005,,,,,Соколов Лев Владиславович
Жданов Кирилл Фёдорович,Улица Крупской,16,119,1980,,,,,Соколов Михаил Романович
Миронов Иван Никитич,Улица Строителей,21,12,2002,,,,,Соколова Василиса Александровна
Исаев Илья Георгиевич,Улица Вавилова,17,195,1992,,,,,Соколова Полина Романовна
Антонов Артём Платонович,Улица Вавилова,29,258,1957,,,,,Соловьева Елизавета Ивановна
Скворцов Максим Мирославович,Улица Панфёрова,18,212,1959,,,,,Соловьева София Константиновна
Смирнова Полина Максимовна,Ленинский проспект,18,122,1972,,,,,Степанов Дмитрий Александрович
Хохлов Александр Михайлович,Улица Крупской,12,35,1978,,,,,Суворов Макар Александрович
Филиппова Надежда Ярославовна,Проспект Вернадского,8,26,2004,,,,,Суслов Демид Дмитриевич
Федотова Полина Максимовна,Нахимовский проспект,22,221,1957,,,,,Тарасова Арина Глебовна
Тихомиров Герман Даниилович,Улица Архитектора Власова,3,15,1950,,,,,Терентьева Арина Марковна
Осипов Александр Тимофеевич,Улица Панфёрова,29,96,1976,,,,,Тихомиров Герман Даниилович
Филимонова Анна Владимировна,Улица Панфёрова,3,296,1966,,,,,Тихонов Константин Артёмович
Баранова Алиса Ивановна,Нахимовский проспект,14,177,1993,,,,,Тихонова Василиса Фёдоровна
Егоров Глеб Семёнович,Улица Архитектора Власова,27,39,1959,,,,,Тихонова Мария Фёдоровна
Лазарева Анна Григорьевна,Улица Кравченко,7,54,2004,,,,,Туманов Сергей Михайлович
Морозов Роман Артурович,Улица Академика Пилюгина,26,193,1959,,,,,Усова Алиса Николаевна
Семенова Виктория Ивановна,Проспект Вернадского,25,204,1968,,,,,Федотова Полина Максимовна
Панфилова Зоя Петровна,Улица Архитектора Власова,21,82,1993,,,,,Филимонова Анна Владимировна
Тихомиров Герман Даниилович,Улица Академика Пилюгина,11,54,1950,,,,,Филиппова Алиса Артёмовна
Скворцов Максим Мирославович,Улица Вавилова,7,229,1950,,,,,Филиппова София Максимовна
Павлов Лев Александрович,Улица Марии Ульяновой,4,46,1969,,,,,Филиппова Надежда Ярославовна
Орлов Вадим Иванович,Улица Архитектора Власова,12,228,1969,,,,,Фирсова Василиса Марковна
Полякова Мария Артёмовна,Улица Строителей,18,166,1985,,,,,Фомин Артём Андреевич
Никонова София Константиновна,Улица Крупской,5,51,1990,,,,,Хохлов Александр Михайлович
Астахова София Ильинична,Проспект Вернадского,10,227,2002,,,,,Чернышев Платон Артёмович
Латышев Роман Михайлович,Нахимовский проспект,24,183,1955,,,,,Шестаков Андрей Львович
Туманов Сергей Михайлович,Ленинский проспект,16,197,1975,,,,,Шилова Алиса Ивановна
Давыдов Кирилл Янович,Нахимовский проспект,23,141,1962,,,,,Шишкин Константин Павлович
Панфилова Зоя Петровна,Улица Крупской,11,140,1982,,,,,Щеглова Мария Артёмовна
Петровская Анастасия Макаровна,Улица Строителей,20,69,1960,,,,,Яковлев Леонид Константинович
Туманов Сергей Михайлович,Улица Гарибальди,30,272,1966,,,,,Яковлева Полина Тимуровна
Терентьева Арина Марковна,Нахимовский проспект,5,197,1998,,,,,
Карпов Александр Тимурович,Ленинский проспект,14,103,1953,,,,,
Никитина Мария Руслановна,Ленинский проспект,12,255,1997,,,,,
Иванов Дмитрий Ярославович,Улица Марии Ульяновой,9,43,1978,,,,,
Степанов Дмитрий Александрович,Улица Архитектора Власова,2,276,1950,,,,,
Денисов Илья Дмитриевич,Улица Строителей,25,53,1997,,,,,
Калинин Даниил Артёмович,Улица Академика Пилюгина,12,198,1961,,,,,
Петровская Полина Максимовна,Нахимовский проспект,29,9,1950,,,,,
Серебрякова Дарья Георгиевна,Улица Кравченко,2,261,1982,,,,,
Петров Георгий Николаевич,Улица Вавилова,14,46,1999,,,,,
Голиков Кирилл Маркович,Нахимовский проспект,5,26,2005,,,,,
Баранова Алиса Ивановна,Нахимовский проспект,29,44,1972,,,,,
Климова Екатерина Михайловна,Улица Гарибальди,1,284,1952,,,,,
Власова Алина Андреевна,Улица Панфёрова,23,141,1960,,,,,
Константинов Александр Юрьевич,Улица Академика Пилюгина,20,131,1950,,,,,
Гордеева Диана Михайловна,Улица Вавилова,12,232,1959,,,,,
Баранова Виктория Максимовна,Ленинский проспект,16,254,1985,,,,,
Иванов Даниил Олегович,Улица Академика Пилюгина,9,6,1962,,,,,
Климова Екатерина Михайловна,Улица Гарибальди,24,201,1953,,,,,
Соловьева София Константиновна,Улица Крупской,11,300,1953,,,,,
Герасимов Андрей Матвеевич,Нахимовский проспект,13,97,1954,,,,,
Добрынин Дмитрий Тихонович,Улица Панфёрова,2,173,1957,,,,,
Михайлов Елисей Михайлович,Улица Панфёрова,19,299,1963,,,,,
Смирнова Полина Максимовна,Ленинский проспект,4,177,1950,,,,,
Прокофьев Дмитрий Родионович,Улица Кравченко,29,283,1972,,,,,
Карпова Арина Григорьевна,Улица Кравченко,19,177,1990,,,,,
Леонтьев Семён Иванович,Улица Архитектора Власова,17,156,1952,,,,,
Власова Алина Андреевна,Улица Архитектора Власова,30,101,1986,,,,,
Соловьева София Константиновна,Нахимовский проспект,30,276,1951,,,,,
Громова Кира Антоновна,Улица Академика Пилюгина,14,189,1992,,,,,
Захаров Николай Александрович,Ленинский проспект,6,49,1960,,,,,
Леонтьев Семён Иванович,Улица Панфёрова,13,297,1950,,,,,
Платонова Алиса Степановна,Улица Гарибальди,30,117,2004,,,,,
Плотников Елисей Ильич,Улица Гарибальди,12,237,1957,,,,,
Исаев Илья Георгиевич,Улица Марии Ульяновой,12,227,1993,,,,,
Громова Кира Антоновна,Улица Панфёрова,15,193,1984,,,,,
Прохоров Андрей Арсеньевич,Проспект Вернадского,12,60,1952,,,,,
Попов Даниил Михайлович,Улица Архитектора Власова,2,224,1998,,,,,
Осипов Александр Тимофеевич,Проспект Вернадского,21,43,1991,,,,,
Филиппова София Максимовна,Улица Строителей,25,126,2004,,,,,
Новикова Кира Борисовна,Нахимовский проспект,24,154,1969,,,,,
Копылов Григорий Платонович,Улица Крупской,15,38,1998,,,,,
Платонова Алиса Степановна,Ленинский проспект,11,282,1955,,,,,
Фомин Артём Андреевич,Улица Кравченко,21,199,2000,,,,,
Щеглова Мария Артёмовна,Нахимовский проспект,24,92,1997,,,,,
Левин Сергей Ильич,Улица Академика Пилюгина,28,197,1970,,,,,
Матвеева Ева Андреевна,Улица Кравченко,30,183,1985,,,,,
Шестаков Андрей Львович,Ленинский проспект,19,110,1964,,,,,
Левин Максим Богданович,Нахимовский проспект,8,38,1994,,,,,
Алексеев Степан Семёнович,Улица Академика Пилюгина,12,68,1980,,,,,
Романов Сергей Михайлович,Улица Гарибальди,3,111,1973,,,,,
Леонтьев Семён Иванович,Улица Панфёрова,16,138,2002,,,,,
Коровина Екатерина Юрьевна,Улица Панфёрова,7,114,1954,,,,,
Родионова Дарья Александровна,Ленинский проспект,2,81,1954,,,,,
Куликова Мария Никитична,Проспект Вернадского,4,136,1971,,,,,
Платонова Алиса Степановна,Улица Академика Пилюгина,29,212,1955,,,,,
Коровина Екатерина Юрьевна,Улица Строителей,6,209,1977,,,,,
Хохлов Александр Михайлович,Нахимовский проспект,17,40,1989,,,,,
Леонтьев Семён Иванович,Улица Архитектора Власова,2,83,1981,,,,,
Андреева Ева Андреевна,Улица Кравченко,17,113,1975,,,,,
Баранова Василиса Александровна,Улица Гарибальди,12,261,1977,,,,,
Иванова Татьяна Юрьевна,Нахимовский проспект,29,285,1991,,,,,
Алексеев Степан Семёнович,Улица Кравченко,9,33,2005,,,,,
Островский Макар Глебович,Улица Марии Ульяновой,23,181,2001,,,,,
Шилова Алиса Ивановна,Улица Гарибальди,28,96,1959,,,,,
Никитина Мария Руслановна,Улица Панфёрова,28,89,1980,,,,,
Денисов Алексей Романович,Улица Крупской,19,248,2004,,,,,
Коротков Кирилл Мирославович,Ленинский проспект,20,76,1970,,,,,
Климова Екатерина Михайловна,Улица Академика Пилюгина,25,277,1962,,,,,
Новикова София Елисеевна,Улица Строителей,29,137,1991,,,,,
Сидоров Матвей Даниилович,Улица Панфёрова,11,176,1992,,,,,
Соколова Василиса Александровна,Улица Панфёрова,1,143,1977,,,,,
Воронин Сергей Дмитриевич,Проспект Вернадского,7,188,1979,,,,,
Сазонова Анастасия Александровна,Улица Академика Пилюгина,29,82,1972,,,,,
Степанов Дмитрий Александрович,Улица Гарибальди,4,72,1985,,,,,
Тихонов Константин Артёмович,Улица Панфёрова,1,177,1973,,,,,
Астахова София Ильинична,Улица Крупской,10,57,1979,,,,,
Романов Сергей Михайлович,Улица Панфёрова,27,235,2001,,,,,
Лазарева Анна Григорьевна,Проспект Вернадского,28,169,1975,,,,,
Федотова Полина Максимовна,Улица Академика Пилюгина,28,248,1954,,,,,
Глухова Полина Андреевна,Улица Архитектора Власова,24,26,1965,,,,,
Филиппова Надежда Ярославовна,Улица Вавилова,12,165,1975,,,,,
Литвинова Полина Лукинична,Улица Крупской,3,162,1962,,,,,
Усова Алиса Николаевна,Проспект Вернадского,29,164,2000,,,,,
Степанов Дмитрий Александрович,Улица Вавилова,24,165,1982,,,,,
Иванов Дмитрий Ярославович,Улица Строителей,12,99,1979,,,,,
Голиков Лев Никитич,Улица Академика Пилюгина,1,58,1989,,,,,
Балашова Анна Савельевна,Улица Вавилова,2,287,1990,,,,,
Моисеева София Максимовна,Улица Гарибальди,22,126,1969,,,,,
Калинин Даниил Артёмович,Улица Архитектора Власова,27,12,1999,,,,,
Гришина Кира Артемьевна,Улица Марии Ульяновой,14,193,1978,,,,,
Захаров Илья Никитич,Ленинский проспект,22,289,2003,,,,,
Блохина Елизавета Ильинична,Нахимовский проспект,19,199,1968,,,,,
Новикова София Елисеевна,Улица Вавилова,9,63,1955,,,,,
Матвеева Ева Андреевна,Нахимовский проспект,2,147,1984,,,,,
Анохина Полина Кирилловна,Улица Гарибальди,17,263,1989,,,,,
Тихонов Константин Артёмович,Улица Марии Ульяновой,24,299,1983,,,,,
Туманов Сергей Михайлович,Улица Академика Пилюгина,22,40,1959,,,,,
Орлов Георгий Иванович,Проспект Вернадского,3,242,2001,,,,,
Усова Алиса Николаевна,Улица Крупской,18,231,1968,,,,,
Абрамова Кристина Андреевна,Улица Марии Ульяновой,23,100,1983,,,,,
Чернышев Платон Артёмович,Нахимовский проспект,6,165,2003,,,,,
Карпов Григорий Иванович,Улица Гарибальди,1,132,1988,,,,,
Белова София Львовна,Улица Архитектора Власова,27,276,1980,,,,,
Новиков Андрей Георгиевич,Нахимовский проспект,27,156,1996,,,,,
Селиванова Елизавета Марковна,Проспект Вернадского,10,111,1983,,,,,
Леонтьев Семён Иванович,Проспект Вернадского,16,222,1992,,,,,
Платонова Алиса Степановна,Улица Марии Ульяновой,28,153,1973,,,,,
Сергеев Гордей Ярославович,Улица Панфёрова,1,14,1983,,,,,
Пахомов Владислав Макарович,Улица Марии Ульяновой,9,41,1967,,,,,
Максимова Анна Фёдоровна,Улица Строителей,18,53,1987,,,,,
Шилова Алиса Ивановна,Улица Марии Ульяновой,26,258,1971,,,,,
Давыдов Кирилл Янович,Ленинский проспект,3,92,1974,,,,,
Исаев Илья Георгиевич,Нахимовский проспект,24,37,1963,,,,,
Сазонова Анастасия Александровна,Ленинский проспект,6,236,1983,,,,,
Попов Илья Матвеевич,Улица Архитектора Власова,21,244,1999,,,,,
Дмитриев Ярослав Романович,Улица Марии Ульяновой,7,66,2005,,,,,
Попов Леонид Макарович,Улица Гарибальди,25,230,1987,,,,,
Исаев Илья Георгиевич,Улица Гарибальди,24,270,2004,,,,,
Павлов Лев Александрович,Улица Панфёрова,26,167,1958,,,,,
Новиков Андрей Георгиевич,Улица Гарибальди,20,292,1970,,,,,
Шилова Алиса Ивановна,Ленинский проспект,16,248,1968,,,,,
Сергеев Гордей Ярославович,Проспект Вернадского,24,6,1987,,,,,
Орлова Алёна Романовна,Улица Вавилова,29,13,1976,,,,,
Грачев Платон Русланович,Ленинский проспект,13,6,1993,,,,,
Ларина Александра Ярославовна,Улица Академика Пилюгина,17,28,1974,,,,,
Баранова Майя Михайловна,Улица Панфёрова,15,117,1983,,,,,
Куликов Ярослав Фёдорович,Улица Панфёрова,6,133,1963,,,,,
Морозов Роман Артурович,Нахимовский проспект,16,115,1984,,,,,
Попов Даниил Михайлович,Проспект Вернадского,13,203,1984,,,,,
Васильев Кирилл Ильич,Улица Гарибальди,23,65,1976,,,,,
Моисеева София Максимовна,Улица Архитектора Власова,8,144,1990,,,,,
Захаров Роман Денисович,Улица Академика Пилюгина,27,233,1996,,,,,
Алексеев Степан Семёнович,Улица Крупской,21,279,1966,,,,,
Воронина Полина Глебовна,Улица Кравченко,15,74,2002,,,,,
Максимова Анна Фёдоровна,Улица Марии Ульяновой,24,100,1983,,,,,
Смирнова Полина Максимовна,Улица Кравченко,24,30,1984,,,,,
Наумов Артём Константинович,Улица Марии Ульяновой,16,249,1985,,,,,
Тихонова Василиса Фёдоровна,Улица Марии Ульяновой,13,286,1994,,,,,
Коротков Кирилл Мирославович,Улица Гарибальди,23,222,1968,,,,,
Латышев Роман Михайлович,Улица Академика Пилюгина,8,93,2000,,,,,
Куликов Ярослав Фёдорович,Улица Кравченко,25,59,1997,,,,,
Новиков Андрей Георгиевич,Улица Крупской,22,71,1991,,,,,
Голиков Лев Никитич,Улица Вавилова,22,122,1951,,,,,
Снегирева Дарья Глебовна,Улица Марии Ульяновой,8,230,1980,,,,,
Рыбаков Фёдор Дмитриевич,Улица Вавилова,9,147,1953,,,,,
Миронов Иван Никитич,Улица Академика Пилюгина,29,107,1996,,,,,
Ларина Александра Ярославовна,Улица Кравченко,19,90,1950,,,,,
Петрова Алиса Степановна,Улица Крупской,9,233,1962,,,,,
Максимова Полина Кирилловна,Улица Марии Ульяновой,15,13,1958,,,,,
Павлов Кирилл Александрович,Улица Вавилова,4,110,1955,,,,,
Громова Кира Антоновна,Улица Крупской,23,106,1993,,,,,
Астахова Виктория Васильевна,Улица Гарибальди,1,27,1958,,,,,
Васильев Михаил Константинович,Улица Гарибальди,26,143,1983,,,,,
Васильев Михаил Константинович,Улица Марии Ульяновой,27,73,1967,,,,,
Родионова Дарья Александровна,Улица Кравченко,6,100,1985,,,,,
Новикова Кристина Васильевна,Улица Строителей,16,244,1965,,,,,
Белов Максим Демидович,Улица Крупской,2,242,1978,,,,,
Михайлов Елисей Михайлович,Улица Архитектора Власова,4,177,1971,,,,,
Жданова Ульяна Никитична,Проспект Вернадского,5,289,1953,,,,,
Левина Анна Александровна,Улица Марии Ульяновой,1,122,1966,,,,,
Калинин Даниил Артёмович,Улица Панфёрова,15,27,1957,,,,,
Моисеева София Максимовна,Ленинский проспект,22,195,1978,,,,,
Петровская Полина Максимовна,Улица Архитектора Власова,24,67,2005,,,,,
Михайлов Елисей Михайлович,Проспект Вернадского,1,13,1957,,,,,
Шишкин Константин Павлович,Улица Кравченко,26,252,1985,,,,,
Романова Вероника Николаевна,Улица Панфёрова,22,72,1969,,,,,
Герасимов Андрей Матвеевич,Улица Гарибальди,23,223,1978,,,,,
Дмитриев Ярослав Романович,Улица Панфёрова,12,297,1961,,,,,
Егорова Надежда Дмитриевна,Улица Вавилова,21,125,1954,,,,,
Захаров Илья Никитич,Улица Крупской,25,10,1993,,,,,
Никонова София Константиновна,Улица Крупской,27,134,1993,,,,,
Коротков Кирилл Мирославович,Ленинский проспект,14,89,1980,,,,,
Николаева Дарина Григорьевна,Улица Крупской,7,112,1994,,,,,
Максимова Полина Кирилловна,Улица Марии Ульяновой,21,182,1994,,,,,
Голиков Лев Никитич,Улица Вавилова,23,89,1983,,,,,
Голиков Лев Никитич,Улица Панфёрова,12,164,1967,,,,,
Плотников Елисей Ильич,Улица Гарибальди,23,123,1950,,,,,
Романова Вероника Николаевна,Улица Крупской,9,180,2003,,,,,
Карташов Марк Владимирович,Улица Архитектора Власова,19,214,1970,,,,,
Григорьев Пётр Александрович,Улица Вавилова,12,23,1993,,,,,
Дьякова Анастасия Александровна,Улица Академика Пилюгина,18,278,1990,,,,,
Добрынин Дмитрий Тихонович,Улица Кравченко,19,71,1995,,,,,
Карташов Марк Владимирович,Улица Кравченко,8,155,1964,,,,,
Карпов Александр Тимурович,Улица Вавилова,22,186,1961,,,,,
Тихомиров Герман Даниилович,Улица Архитектора Власова,19,88,1963,,,,,
Белов Максим Демидович,Улица Вавилова,29,174,1987,,,,,
Соколов Лев Владиславович,Улица Строителей,15,164,1987,,,,,
Туманов Сергей Михайлович,Улица Гарибальди,26,29,1985,,,,,
Баранова Василиса Александровна,Проспект Вернадского,16,291,1979,,,,,
Белова Анастасия Ивановна,Проспект Вернадского,1,264,1954,,,,,
Григорьев Пётр Александрович,Улица Кравченко,14,270,2001,,,,,
Осипов Александр Тимофеевич,Улица Строителей,15,235,2001,,,,,
Белов Максим Демидович,Нахимовский проспект,17,68,1990,,,,,
Плотников Елисей Ильич,Улица Вавилова,28,114,1974,,,,,
Захаров Илья Никитич,Улица Гарибальди,21,207,1997,,,,,
Алексеев Степан Семёнович,Улица Архитектора Власова,9,294,1967,,,,,
Пономарева Мирослава Григорьевна,Ленинский проспект,3,250,1990,,,,,
Алешина Кристина Евгеньевна,Улица Крупской,18,63,2005,,,,,
Коровина Екатерина Юрьевна,Улица Крупской,21,139,1996,,,,,
Максимова Полина Кирилловна,Улица Кравченко,24,268,1985,,,,,
Карпов Александр Тимурович,Улица Крупской,27,74,1986,,,,,
Елизарова Антонина Игоревна,Улица Панфёрова,7,278,1961,,,,,
Орлова Алёна Романовна,Улица Архитектора Власова,17,6,2005,,,,,
Петрова Таисия Артёмовна,Проспект Вернадского,9,113,1955,,,,,
Симонов Роман Андреевич,Улица Вавилова,13,8,2003,,,,,
Озеров Григорий Иванович,Улица Гарибальди,9,193,1984,,,,,
Астахова София Ильинична,Улица Кравченко,1,40,2004,,,,,
Денисов Илья Дмитриевич,Улица Крупской,29,230,1981,,,,,
Иванов Дмитрий Ярославович,Улица Вавилова,23,264,1968,,,,,
Гришина Кира Артемьевна,Улица Панфёрова,8,200,1984,,,,,
Наумов Артём Константинович,Проспект Вернадского,30,261,1950,,,,,
Щеглова Мария Артёмовна,Улица Вавилова,27,47,2001,,,,,
Денисов Илья Дмитриевич,Нахимовский проспект,30,163,1972,,,,,
Ежова Ксения Георгиевна,Улица Строителей,2,292,1979,,,,,
Волков Кирилл Маркович,Нахимовский проспект,29,158,1995,,,,,
Симонов Роман Андреевич,Нахимовский проспект,1,11,1981,,,,,
Пономарева Ирина Александровна,Улица Вавилова,25,300,1983,,,,,
Колесников Георгий Маркович,Ленинский проспект,4,2,1951,,,,,
Васильев Кирилл Ильич,Улица Академика Пилюгина,1,270,2005,,,,,
Прохоров Андрей Арсеньевич,Улица Строителей,21,120,1966,,,,,
Петров Георгий Николаевич,Нахимовский проспект,3,225,1995,,,,,
Прокофьев Дмитрий Родионович,Улица Марии Ульяновой,29,182,1969,,,,,
Усова Алиса Николаевна,Улица Вавилова,16,164,1984,,,,,
Копылов Григорий Платонович,Улица Строителей,15,24,1996,,,,,
Григорьев Пётр Александрович,Улица Академика Пилюгина,2,243,1977,,,,,
Абрамова Кристина Андреевна,Ленинский проспект,21,53,1970,,,,,
Филиппова Алиса Артёмовна,Улица Гарибальди,15,294,1964,,,,,
Новикова Елизавета Дмитриевна,Нахимовский проспект,12,94,1961,,,,,
Иванова Татьяна Юрьевна,Улица Марии Ульяновой,18,282,1971,,,,,
Попов Илья Матвеевич,Улица Гарибальди,10,182,1960,,,,,
Матвеева Ева Андреевна,Нахимовский проспект,20,56,1953,,,,,
Тихонов Константин Артёмович,Улица Архитектора Власова,29,72,1977,,,,,
Астахова Виктория Васильевна,Проспект Вернадского,7,298,1955,,,,,
Орлов Георгий Иванович,Проспект Вернадского,22,229,1957,,,,,
Самсонова Милана Матвеевна,Улица Панфёрова,30,207,1981,,,,,
Овчинникова Дарья Ильинична,Улица Марии Ульяновой,30,109,2005,,,,,
Миронов Илья Мирославович,Нахимовский проспект,22,217,1969,,,,,
Петров Георгий Николаевич,Улица Гарибальди,11,262,1981,,,,,
Ермакова Майя Никитична,Улица Архитектора Власова,1,138,1974,,,,,
Волков Кирилл Маркович,Улица Крупской,5,230,1959,,,,,
Максимова Алиса Ярославовна,Улица Гарибальди,5,131,2001,,,,,
Воронина Полина Глебовна,Улица Крупской,21,137,1956,,,,,
Давыдов Кирилл Янович,Улица Строителей,6,108,1960,,,,,
Карпов Григорий Иванович,Улица Гарибальди,16,64,1959,,,,,
Белова Анастасия Ивановна,Ленинский проспект,1,212,1990,,,,,
Чернышев Платон Артёмович,Проспект Вернадского,24,33,1977,,,,,
Козлов Глеб Матвеевич,Улица Гарибальди,7,110,1990,,,,,
Алексеев Степан Семёнович,Нахимовский проспект,27,57,1999,,,,,
Селиванова Елизавета Марковна,Проспект Вернадского,24,28,2001,,,,,
Морозов Роман Артурович,Нахимовский проспект,16,214,1992,,,,,
Петров Георгий Николаевич,Ленинский проспект,10,254,1953,,,,,
Ларина Александра Ярославовна,Улица Марии Ульяновой,7,73,1998,,,,,
Голиков Лев Никитич,Улица Академика Пилюгина,1,70,1981,,,,,
Левин Сергей Ильич,Улица Марии Ульяновой,28,138,1984,,,,,
Левин Сергей Ильич,Улица Академика Пилюгина,3,88,1961,,,,,
Баранова Виктория Максимовна,Улица Панфёрова,21,7,1978,,,,,
Андреева Ева Андреевна,Улица Крупской,21,249,1966,,,,,
Куликова Мария Никитична,Улица Архитектора Власова,25,114,1961,,,,,
Жданова Ульяна Никитична,Улица Панфёрова,13,125,2002,,,,,
Попов Илья Матвеевич,Улица Гарибальди,10,228,1964,,,,,
Васильев Кирилл Ильич,Улица Строителей,14,44,2002,,,,,
Сидоров Матвей Даниилович,Улица Марии Ульяновой,2,274,1988,,,,,
Данилова Диана Тимуровна,Улица Архитектора Власова,9,92,1975,,,,,
Петров Георгий Николаевич,Улица Архитектора Власова,18,13,1953,,,,,
Ананьев Алексей Семёнович,Улица Строителей,7,112,1976,,,,,
Матвеева Ева Андреевна,Улица Строителей,24,149,1972,,,,,
Соколов Михаил Романович,Улица Вавилова,19,115,1969,,,,,
Смирнова Полина Максимовна,Улица Кравченко,8,56,1964,,,,,
Анохина Полина Кирилловна,Улица Панфёрова,21,223,1960,,,,,
Тихонова Мария Фёдоровна,Ленинский проспект,7,274,1950,,,,,
Алексеев Матвей Яковлевич,Улица Кравченко,30,46,1997,,,,,
Петрова Таисия Артёмовна,Улица Архитектора Власова,19,165,1969,,,,,
Голиков Лев Никитич,Улица Гарибальди,28,209,1953,,,,,
Петрова Алиса Степановна,Улица Крупской,20,253,1998,,,,,
Глухова Полина Андреевна,Нахимовский проспект,16,147,2004,,,,,
Петрова Алиса Степановна,Улица Крупской,10,245,1956,,,,,
Баранова Майя Михайловна,Улица Кравченко,26,144,1960,,,,,
Прокофьев Дмитрий Родионович,Улица Гарибальди,11,219,1959,,,,,
Пономарева Ирина Александровна,Улица Строителей,17,297,1957,,,,,
Егорова Надежда Дмитриевна,Проспект Вернадского,30,88,1989,,,,,
Яковлев Леонид Константинович,Нахимовский проспект,24,133,1986,,,,,
Тихонова Василиса Фёдоровна,Улица Архитектора Власова,12,266,1996,,,,,
Петров Георгий Николаевич,Улица Вавилова,22,25,1976,,,,,
Жданов Кирилл Фёдорович,Улица Кравченко,15,281,2004,,,,,
Козлова Виктория Дмитриевна,Проспект Вернадского,8,25,1951,,,,,
Карташов Марк Владимирович,Проспект Вернадского,23,159,1980,,,,,
Моисеева София Максимовна,Проспект Вернадского,15,49,1963,,,,,
Иванова Татьяна Юрьевна,Улица Кравченко,25,19,2004,,,,,
Копылов Григорий Платонович,Ленинский проспект,25,65,1984,,,,,
Абрамова Кристина Андреевна,Улица Крупской,24,72,1961,,,,,
Сергеев Михаил Станиславович,Улица Крупской,17,176,2002,,,,,
Никитина Мария Руслановна,Улица Гарибальди,9,109,1973,,,,,
Плотников Елисей Ильич,Улица Панфёрова,28,17,1997,,,,,
Максимова Полина Максимовна,Улица Марии Ульяновой,15,75,1967,,,,,
Петровская Полина Максимовна,Улица Вавилова,26,156,1996,,,,,
Попов Даниил Михайлович,Улица Гарибальди,30,13,1992,,,,,
Козлов Иван Михайлович,Ленинский проспект,10,262,1977,,,,,
Плотников Елисей Ильич,Улица Академика Пилюгина,21,238,1963,,,,,
Новикова Кира Борисовна,Улица Академика Пилюгина,26,260,1989,,,,,
Мартынов Даниил Демьянович,Улица Строителей,1,237,1971,,,,,
Лазарева Анна Григорьевна,Улица Крупской,21,250,1953,,,,,
Кожевников Иван Евгеньевич,Улица Панфёрова,17,196,1996,,,,,
Новикова Кира Борисовна,Проспект Вернадского,9,21,1960,,,,,
Ананьев Алексей Семёнович,Улица Вавилова,15,141,1951,,,,,
Платонова Алиса Степановна,Улица Вавилова,14,43,1975,,,,,
Щеглова Мария Артёмовна,Улица Строителей,15,30,1999,,,,,
Полякова Мария Артёмовна,Улица Архитектора Власова,18,140,2000,,,,,
Петровская Анастасия Макаровна,Улица Академика Пилюгина,12,116,1969,,,,,
Воронина Полина Глебовна,Улица Академика Пилюгина,22,3,1960,,,,,
Новикова Кристина Васильевна,Улица Вавилова,12,60,1998,,,,,
Матвеева Ева Андреевна,Ленинский проспект,27,12,1958,,,,,
Миронов Илья Мирославович,Проспект Вернадского,15,60,2004,,,,,
Щеглова Мария Артёмовна,Улица Строителей,20,46,2003,,,,,
Дорофеев Никита Александрович,Улица Гарибальди,15,213,1973,,,,,
Орлов Вадим Иванович,Улица Марии Ульяновой,5,233,1961,,,,,
Павлов Лев Александрович,Улица Академика Пилюгина,14,179,1968,,,,,
Романова Вероника Николаевна,Улица Крупской,15,119,1994,,,,,
Васильева София Марковна,Улица Вавилова,8,181,1990,,,,,
Белова София Львовна,Улица Марии Ульяновой,5,173,1978,,,,,
Ермакова Майя Никитична,Улица Марии Ульяновой,15,58,1964,,,,,
Иванов Дмитрий Ярославович,Ленинский проспект,14,229,1988,,,,,
Шестаков Андрей Львович,Улица Гарибальди,10,148,1987,,,,,
Озеров Григорий Иванович,Улица Академика Пилюгина,1,197,1982,,,,,
Жданов Илья Михайлович,Улица Вавилова,23,29,1962,,,,,
Островский Макар Глебович,Ленинский проспект,1,261,1984,,,,,
Фомин Артём Андреевич,Улица Академика Пилюгина,30,69,1982,,,,,
Тихомиров Герман Даниилович,Нахимовский проспект,5,194,1999,,,,,
Новиков Андрей Георгиевич,Ленинский проспект,4,21,1993,,,,,
Фирсова Василиса Марковна,Улица Кравченко,22,221,1965,,,,,
Волков Кирилл Маркович,Улица Вавилова,3,52,1951,,,,,
Гришина Кира Артемьевна,Нахимовский проспект,26,27,2002,,,,,
Сидоров Матвей Даниилович,Улица Кравченко,22,87,1980,,,,,
Плотников Елисей Ильич,Ленинский проспект,10,71,1976,,,,,
Новикова Кира Борисовна,Улица Вавилова,13,201,1966,,,,,
Калинин Даниил Артёмович,Улица Панфёрова,25,285,1961,,,,,
Островский Макар Глебович,Улица Вавилова,20,52,1983,,,,,
Суслов Демид Дмитриевич,Улица Академика Пилюгина,25,48,1976,,,,,
Щеглова Мария Артёмовна,Улица Строителей,20,188,1992,,,,,
Осипов Вадим Борисович,Улица Академика Пилюгина,13,242,1954,,,,,
Абрамова Кристина Андреевна,Ленинский проспект,13,271,1988,,,,,
Родионова Дарья Александровна,Улица Академика Пилюгина,23,177,2000,,,,,
Пономарева Мирослава Григорьевна,Улица Панфёрова,24,48,1983,,,,,
Иванов Даниил Олегович,Улица Марии Ульяновой,16,240,1955,,,,,
Константинов Александр Юрьевич,Улица Вавилова,16,263,1996,,,,,
Наумов Артём Константинович,Улица Марии Ульяновой,24,196,1984,,,,,
Козлов Иван Михайлович,Улица Марии Ульяновой,23,193,1996,,,,,
Яковлев Леонид Константинович,Ленинский проспект,29,19,1966,,,,,
Соколова Василиса Александровна,Улица Марии Ульяновой,5,134,2002,,,,,
Ежова Ксения Георгиевна,Улица Вавилова,13,257,1974,,,,,
Сазонова Анастасия Александровна,Улица Архитектора Власова,6,214,1983,,,,,
Дорофеев Никита Александрович,Улица Крупской,12,112,1992,,,,,
Козлов Глеб Матвеевич,Нахимовский проспект,26,3,1969,,,,,
Селиванова Елизавета Марковна,Улица Гарибальди,27,84,1998,,,,,
Тарасова Арина Глебовна,Улица Панфёрова,1,56,2003,,,,,
Попов Леонид Макарович,Улица Кравченко,15,280,1980,,,,,
Соколова Полина Романовна,Улица Крупской,27,208,1959,,,,,
Филимонова Анна Владимировна,Улица Кравченко,5,166,2003,,,,,
Щеглова Мария Артёмовна,Нахимовский проспект,24,22,1995,,,,,
Снегирева Дарья Глебовна,Ленинский проспект,26,222,1975,,,,,
Лебедева Василиса Андреевна,Улица Строителей,5,201,2002,,,,,
Новикова Кира Борисовна,Улица Панфёрова,17,53,1963,,,,,
Самсонова Милана Матвеевна,Улица Крупской,25,122,1965,,,,,
Федотова Полина Максимовна,Улица Крупской,16,244,2004,,,,,
Михайлов Елисей Михайлович,Улица Крупской,22,118,1953,,,,,
Попов Даниил Михайлович,Улица Вавилова,16,278,1977,,,,,
Климова Екатерина Михайловна,Улица Кравченко,24,268,1953,,,,,
Моисеева София Максимовна,Улица Кравченко,8,168,1976,,,,,
Пахомов Владислав Макарович,Улица Гарибальди,3,235,2000,,,,,
Селиванова Елизавета Марковна,Улица Академика Пилюгина,14,100,1983,,,,,
Егорова Надежда Дмитриевна,Ленинский проспект,13,268,1985,,,,,
Матвеева Ева Андреевна,Улица Кравченко,10,13,1970,,,,,
Соколова Полина Романовна,Улица Крупской,29,264,1992,,,,,
Левин Сергей Ильич,Проспект Вернадского,24,294,1986,,,,,
Новикова Кристина Васильевна,Улица Гарибальди,2,226,1963,,,,,
Карпов Григорий Иванович,Улица Академика Пилюгина,19,125,1952,,,,,
Куликова Мария Никитична,Нахимовский проспект,22,51,1983,,,,,
Голиков Лев Никитич,Улица Гарибальди,11,18,1950,,,,,
Дорофеева Анна Фёдоровна,Улица Кравченко,13,278,1988,,,,,
Васильева София Марковна,Улица Гарибальди,8,240,1982,,,,,
Родионова Дарья Александровна,Нахимовский проспект,15,100,1992,,,,,
Тихонова Мария Фёдоровна,Улица Архитектора Власова,7,34,1966,,,,,
Панфилова Зоя Петровна,Нахимовский проспект,28,279,1986,,,,,
Максимова Полина Кирилловна,Улица Кравченко,7,31,2001,,,,,
Андреева Ева Андреевна,Ленинский проспект,1,7,1964,,,,,
Андреева Ева Андреевна,Улица Панфёрова,11,3,1963,,,,,
Копылов Григорий Платонович,Улица Крупской,12,230,1983,,,,,
Кукушкин Павел Львович,Улица Вавилова,2,195,1966,,,,,
Соколова Полина Романовна,Улица Панфёрова,4,226,1971,,,,,
Ананьев Алексей Семёнович,Улица Гарибальди,13,92,1959,,,,,
Воронин Сергей Дмитриевич,Улица Крупской,20,292,1967,,,,,
Козлова Виктория Дмитриевна,Улица Панфёрова,4,121,1968,,,,,
Суслов Демид Дмитриевич,Улица Строителей,3,298,1999,,,,,
Васильев Кирилл Ильич,Улица Гарибальди,3,257,1969,,,,,
Платонова Алиса Степановна,Улица Архитектора Власова,27,48,1952,,,,,
Григорьев Пётр Александрович,Нахимовский проспект,30,144,1972,,,,,
Голиков Кирилл Маркович,Улица Архитектора Власова,3,10,2003,,,,,
Астахова София Ильинична,Ленинский проспект,9,37,1993,,,,,
Тихонова Василиса Фёдоровна,Улица Крупской,26,163,1982,,,,,
Плотников Елисей Ильич,Улица Гарибальди,23,31,1982,,,,,
Иванов Артём Иванович,Улица Академика Пилюгина,22,102,1971,,,,,
Воронин Сергей Дмитриевич,Улица Марии Ульяновой,1,297,1965,,,,,
Воронина Полина Глебовна,Улица Строителей,4,194,1985,,,,,
Жданов Кирилл Фёдорович,Улица Кравченко,21,192,1950,,,,,
Данилова Диана Тимуровна,Улица Марии Ульяновой,10,178,1984,,,,,
Григорьев Пётр Александрович,Улица Крупской,20,295,1973,,,,,
Усова Алиса Николаевна,Улица Гарибальди,3,36,2003,,,,,
Козлов Глеб Матвеевич,Улица Крупской,29,103,1988,,,,,
Плотников Елисей Ильич,Проспект Вернадского,28,243,1955,,,,,
Соловьева София Константиновна,Улица Архитектора Власова,19,233,1977,,,,,
Степанов Дмитрий Александрович,Улица Крупской,27,110,1968,,,,,
Зубков Алексей Арсеньевич,Улица Кравченко,11,164,2000,,,,,
Шилова Алиса Ивановна,Улица Марии Ульяновой,26,153,1975,,,,,
Калинин Даниил Артёмович,Проспект Вернадского,6,122,1985,,,,,
Плотников Елисей Ильич,Улица Архитектора Власова,2,125,2000,,,,,
Баранова Виктория Максимовна,Улица Гарибальди,30,160,1973,,,,,
Фомин Артём Андреевич,Проспект Вернадского,28,66,1965,,,,,
Тихонов Константин Артёмович,Проспект Вернадского,9,90,1982,,,,,
Павлов Лев Александрович,Улица Вавилова,7,119,2004,,,,,
Шишкин Константин Павлович,Нахимовский проспект,7,14,1991,,,,,
Павлов Евгений Кириллович,Улица Строителей,6,27,1974,,,,,
Алексеев Матвей Яковлевич,Улица Академика Пилюгина,20,73,2000,,,,,
Абрамова Кристина Андреевна,Улица Марии Ульяновой,14,208,2002,,,,,
Ермакова Майя Никитична,Ленинский проспект,8,114,1954,,,,,
Голиков Лев Никитич,Улица Вавилова,19,271,1978,,,,,
Баранова Алиса Ивановна,Улица Панфёрова,12,189,1974,,,,,
Козлов Глеб Матвеевич,Улица Крупской,26,261,1971,,,,,
Романов Сергей Михайлович,Улица Гарибальди,6,99,1980,,,,,
Балашова Анна Савельевна,Улица Вавилова,13,88,1952,,,,,
Карташов Марк Владимирович,Улица Гарибальди,16,20,1992,,,,,
Воронина Полина Глебовна,Улица Кравченко,2,91,1982,,,,,
Воронин Сергей Дмитриевич,Улица Академика Пилюгина,20,258,1988,,,,,
Осипов Александр Тимофеевич,Улица Академика Пилюгина,10,145,1986,,,,,
Соколова Василиса Александровна,Ленинский проспект,18,292,1996,,,,,
Герасимов Андрей Матвеевич,Проспект Вернадского,16,109,1976,,,,,
Фомин Артём Андреевич,Улица Крупской,5,54,1965,,,,,
Чернышев Платон Артёмович,Улица Крупской,19,161,1998,,,,,
Иванова Татьяна Юрьевна,Ленинский проспект,14,80,1987,,,,,
Дорофеева Анна Фёдоровна,Ленинский проспект,26,36,1991,,,,,
Серебрякова Дарья Георгиевна,Улица Архитектора Власова,24,25,1966,,,,,
Новиков Андрей Георгиевич,Проспект Вернадского,7,194,1957,,,,,
Иванова Татьяна Юрьевна,Проспект Вернадского,26,102,2001,,,,,
Анохина Полина Кирилловна,Улица Кравченко,13,97,1975,,,,,
Глухова Полина Андреевна,Улица Гарибальди,15,243,1964,,,,,
Гришина Кира Артемьевна,Улица Марии Ульяновой,11,205,1977,,,,,
Пономарева Мирослава Григорьевна,Улица Академика Пилюгина,26,140,2000,,,,,
Сергеев Михаил Станиславович,Улица Панфёрова,13,215,1979,,,,,
Мартынов Даниил Демьянович,Ленинский проспект,13,128,1992,,,,,
Ермакова Майя Никитична,Улица Панфёрова,15,266,1987,,,,,
Михайлов Елисей Михайлович,Улица Панфёрова,8,155,1969,,,,,
Пахомов Владислав Макарович,Улица Архитектора Власова,24,163,1996,,,,,
Литвинова Полина Лукинична,Проспект Вернадского,5,196,1953,,,,,
Симонов Роман Андреевич,Нахимовский проспект,2,94,1976,,,,,
Белов Максим Демидович,Проспект Вернадского,6,103,1998,,,,,
Павлов Лев Александрович,Улица Кравченко,13,132,1996,,,,,
Васильева Вероника Мироновна,Проспект Вернадского,2,121,1965,,,,,
Максимова Анна Фёдоровна,Улица Вавилова,12,111,1978,,,,,
Баранова Василиса Александровна,Улица Архитектора Власова,4,151,1954,,,,,
Жданов Кирилл Фёдорович,Улица Строителей,9,271,1957,,,,,
Дмитриев Ярослав Романович,Ленинский проспект,20,230,1953,,,,,
Снегирева Дарья Глебовна,Ленинский проспект,4,171,1950,,,,,
Семенова Виктория Ивановна,Улица Панфёрова,7,2,1957,,,,,
Константинов Александр Юрьевич,Улица Крупской,5,217,2005,,,,,
Островский Макар Глебович,Улица Строителей,29,25,1958,,,,,
Мартынов Даниил Демьянович,Ленинский проспект,24,121,1954,,,,,
Попов Даниил Михайлович,Улица Вавилова,30,212,1992,,,,,
Николаева Валерия Владимировна,Улица Вавилова,9,288,1965,,,,,
Серебрякова Полина Ярославовна,Улица Академика Пилюгина,4,235,1982,,,,,
Леонтьев Семён Иванович,Улица Вавилова,26,45,1994,,,,,
Левина Анна Александровна,Улица Кравченко,10,128,1964,,,,,
Латышев Роман Михайлович,Улица Академика Пилюгина,24,98,1971,,,,,
Филиппова София Максимовна,Улица Панфёрова,5,34,1953,,,,,
Серебрякова Полина Ярославовна,Улица Академика Пилюгина,11,49,1968,,,,,
Егоров Глеб Семёнович,Улица Марии Ульяновой,5,160,1974,,,,,
Снегирева Дарья Глебовна,Ленинский проспект,22,4,1953,,,,,
Громова Кира Антоновна,Улица Марии Ульяновой,21,164,1981,,,,,
Попов Илья Матвеевич,Улица Кравченко,2,83,1972,,,,,
Сидоров Матвей Даниилович,Улица Архитектора Власова,5,189,1976,,,,,
Овчинникова Ольга Ильинична,Улица Кравченко,8,95,2001,,,,,
Павлов Лев Александрович,Проспект Вернадского,22,172,1975,,,,,
Левин Максим Богданович,Улица Марии Ульяновой,29,198,1974,,,,,
Дорофеев Никита Александрович,Улица Кравченко,23,60,1959,,,,,
Давыдов Кирилл Янович,Улица Крупской,29,240,1973,,,,,
Герасимов Андрей Матвеевич,Улица Панфёрова,11,258,2002,,,,,
Пономарева Ирина Александровна,Ленинский проспект,14,205,1982,,,,,
Глухова Полина Андреевна,Улица Марии Ульяновой,15,197,1962,,,,,
Новиков Андрей Георгиевич,Улица Марии Ульяновой,7,290,1974,,,,,
Белова София Львовна,Нахимовский проспект,26,80,1999,,,,,
Баранова Алиса Ивановна,Улица Архитектора Власова,9,24,1970,,,,,
Елизарова Антонина Игоревна,Улица Панфёрова,18,260,1969,,,,,
Орлова Алёна Романовна,Улица Панфёрова,22,282,1950,,,,,
Сазонова Анастасия Александровна,Улица Архитектора Власова,17,294,1979,,,,,
Денисов Алексей Романович,Ленинский проспект,24,286,1997,,,,,
Тихомиров Герман Даниилович,Улица Строителей,19,141,1980,,,,,
Гришина Кира Артемьевна,Улица Крупской,16,275,1999,,,,,
Новикова София Елисеевна,Улица Строителей,8,51,1985,,,,,
Филиппова София Максимовна,Улица Архитектора Власова,18,6,1994,,,,,
Орлов Игорь Александрович,Улица Гарибальди,17,137,1960,,,,,
Карпов Александр Тимурович,Улица Кравченко,1,220,1987,,,,,
Наумов Артём Константинович,Улица Гарибальди,8,243,1989,,,,,
Константинов Александр Юрьевич,Улица Гарибальди,19,236,2003,,,,,
Гордеева Диана Михайловна,Нахимовский проспект,12,95,1999,,,,,
Соколова Василиса Александровна,Улица Академика Пилюгина,1,80,1981,,,,,
Осипов Вадим Борисович,Улица Академика Пилюгина,5,40,1988,,,,,
Смирнова Полина Максимовна,Улица Кравченко,4,70,1954,,,,,
Суслов Демид Дмитриевич,Проспект Вернадского,21,220,1986,,,,,
Полякова Мария Артёмовна,Улица Академика Пилюгина,25,298,1987,,,,,
Прохоров Андрей Арсеньевич,Улица Марии Ульяновой,7,270,1967,,,,,
Колесников Георгий Маркович,Ленинский проспект,16,293,1968,,,,,
Копылов Григорий Платонович,Проспект Вернадского,29,72,1967,,,,,
Максимова Алиса Ярославовна,Улица Марии Ульяновой,21,131,1992,,,,,
Петровская Полина Максимовна,Улица Крупской,12,19,1955,,,,,
Суворов Макар Александрович,Улица Строителей,14,256,1973,,,,,
Островский Макар Глебович,Улица Марии Ульяновой,26,147,1972,,,,,
Пономарева Ирина Александровна,Улица Вавилова,27,293,1985,,,,,
Орлов Игорь Александрович,Улица Академика Пилюгина,5,216,1998,,,,,
Леонтьев Семён Иванович,Улица Марии Ульяновой,15,60,1974,,,,,
Тихонова Василиса Фёдоровна,Проспект Вернадского,11,220,1993,,,,,
Орлов Вадим Иванович,Улица Кравченко,18,281,1993,,,,,
Кукушкин Павел Львович,Улица Крупской,6,52,2005,,,,,
Константинов Александр Юрьевич,Улица Панфёрова,8,98,1977,,,,,
Андреева Ева Андреевна,Ленинский проспект,4,295,1955,,,,,
Новикова Кира Борисовна,Улица Марии Ульяновой,17,183,1998,,,,,
Волков Кирилл Маркович,Улица Архитектора Власова,6,244,1974,,,,,
Тихонов Константин Артёмович,Улица Кравченко,30,275,1982,,,,,
Иванов Дмитрий Ярославович,Улица Панфёрова,2,231,1985,,,,,
Иванов Максим Тимофеевич,Проспект Вернадского,22,141,2002,,,,,
Власова Алина Андреевна,Улица Панфёрова,25,8,1962,,,,,
Кукушкин Павел Львович,Улица Панфёрова,17,128,2004,,,,,
Новикова Кристина Васильевна,Улица Вавилова,26,271,1989,,,,,
Ермакова Майя Никитична,Улица Панфёрова,10,173,1960,,,,,
Чернышев Платон Артёмович,Улица Вавилова,15,231,1964,,,,,
Орлов Игорь Александрович,Ленинский проспект,22,280,1997,,,,,
Чернышев Платон Артёмович,Улица Строителей,27,185,1976,,,,,
Воронина Полина Глебовна,Улица Панфёрова,1,269,1961,,,,,
Васильева Вероника Мироновна,Улица Панфёрова,21,148,1955,,,,,
Зубков Алексей Арсеньевич,Проспект Вернадского,9,28,1998,,,,,
Усова Алиса Николаевна,Улица Марии Ульяновой,3,152,1995,,,,,
Новикова Елизавета Дмитриевна,Улица Строителей,12,283,1982,,,,,
Алешина Кристина Евгеньевна,Улица Архитектора Власова,24,56,1996,,,,,
Новиков Андрей Георгиевич,Улица Архитектора Власова,24,153,1999,,,,,
Филиппова Алиса Артёмовна,Улица Кравченко,20,80,1961,,,,,
Соловьева Елизавета Ивановна,Улица Гарибальди,13,20,1979,,,,,
Островский Макар Глебович,Улица Академика Пилюгина,18,240,1986,,,,,
Грачев Платон Русланович,Улица Вавилова,29,2,1988,,,,,
Герасимов Артур Денисович,Улица Архитектора Власова,8,236,1954,,,,,
Осипов Александр Тимофеевич,Нахимовский проспект,11,125,1978,,,,,
Пономарева Ирина Александровна,Проспект Вернадского,3,1,1997,,,,,
Васильева Вероника Мироновна,Проспект Вернадского,13,287,1956,,,,,
Соколова Василиса Александровна,Ленинский проспект,1,102,1994,,,,,
Жданов Илья Михайлович,Проспект Вернадского,2,161,1999,,,,,
Новикова Кристина Васильевна,Улица Крупской,19,94,1986,,,,,
Ежова Ксения Георгиевна,Улица Марии Ульяновой,2,37,1982,,,,,
Тихонов Константин Артёмович,Улица Гарибальди,21,209,1973,,,,,
Максимова Анна Фёдоровна,Улица Крупской,15,121,1961,,,,,
Соколов Лев Владиславович,Улица Гарибальди,17,262,1974,,,,,
Самсонова Милана Матвеевна,Улица Академика Пилюгина,3,58,1960,,,,,
Максимова Полина Максимовна,Улица Строителей,20,227,1959,,,,,
Жданова Ульяна Никитична,Улица Марии Ульяновой,10,184,1999,,,,,
Сазонова Анастасия Александровна,Улица Вавилова,30,226,2005,,,,,
Суворов Макар Александрович,Улица Панфёрова,22,171,1959,,,,,
Леонтьев Семён Иванович,Улица Вавилова,29,269,1966,,,,,
Захаров Роман Денисович,Улица Архитектора Власова,3,130,1994,,,,,
Орлова Алёна Романовна,Улица Архитектора Власова,4,155,1982,,,,,
Новикова Елизавета Дмитриевна,Ленинский проспект,8,205,2001,,,,,
Пономарева Мирослава Григорьевна,Улица Крупской,16,197,1953,,,,,
Ананьев Алексей Семёнович,Улица Панфёрова,20,101,1961,,,,,
Алешина Кристина Евгеньевна,Улица Крупской,16,280,1980,,,,,
Чернышев Платон Артёмович,Улица Академика Пилюгина,14,188,1994,,,,,
Новикова Кира Борисовна,Улица Панфёрова,8,144,1974,,,,,
Исаев Илья Георгиевич,Ленинский проспект,1,206,1989,,,,,
Левин Максим Богданович,Улица Панфёрова,16,46,1975,,,,,
Наумов Артём Константинович,Ленинский проспект,7,200,1960,,,,,
Иванов Даниил Олегович,Нахимовский проспект,14,61,1952,,,,,
Копылов Григорий Платонович,Нахимовский проспект,23,86,1960,,,,,
Филиппова София Максимовна,Улица Марии Ульяновой,14,87,1963,,,,,
Копылов Григорий Платонович,Улица Панфёрова,7,214,1952,,,,,
Николаева Дарина Григорьевна,Проспект Вернадского,13,200,2003,,,,,
Соловьева София Константиновна,Улица Панфёрова,10,175,2002,,,,,
Иванов Артём Иванович,Улица Марии Ульяновой,28,149,1963,,,,,
Тихонова Василиса Фёдоровна,Улица Марии Ульяновой,1,217,1965,,,,,
Соколова Полина Романовна,Улица Вавилова,27,114,1996,,,,,
Захарова Дарина Ярославовна,Улица Академика Пилюгина,1,97,1987,,,,,
Дорофеева Анна Фёдоровна,Улица Академика Пилюгина,26,214,1956,,,,,
Калинин Даниил Артёмович,Ленинский проспект,17,176,1966,,,,,
Степанов Дмитрий Александрович,Улица Строителей,19,129,1963,,,,,
Кукушкин Павел Львович,Улица Марии Ульяновой,30,235,1952,,,,,
Петровская Анастасия Макаровна,Улица Строителей,1,274,1991,,,,,
Коротков Кирилл Мирославович,Улица Гарибальди,19,290,1991,,,,,
Павлов Евгений Кириллович,Улица Вавилова,16,253,1979,,,,,
Сидоров Матвей Даниилович,Ленинский проспект,5,196,1973,,,,,
Богданов Владимир Маркович,Нахимовский проспект,24,155,1990,,,,,
Коротков Кирилл Мирославович,Улица Вавилова,21,59,1959,,,,,
Сазонова Анастасия Александровна,Улица Крупской,22,158,1981,,,,,
Григорьев Пётр Александрович,Проспект Вернадского,8,299,1996,,,,,
Андреева Ева Андреевна,Нахимовский проспект,10,200,1985,,,,,
Соколов Михаил Романович,Улица Гарибальди,25,134,1998,,,,,
Добрынин Дмитрий Тихонович,Улица Строителей,10,143,1992,,,,,
Пономарева Ирина Александровна,Улица Кравченко,6,260,1961,,,,,
Попов Леонид Макарович,Улица Академика Пилюгина,9,161,1998,,,,,
Новикова Елизавета Дмитриевна,Улица Гарибальди,19,254,1966,,,,,
Алешина Кристина Евгеньевна,Ленинский проспект,8,127,1958,,,,,
Литвинова Полина Лукинична,Улица Крупской,29,132,1972,,,,,
Ларина Александра Ярославовна,Улица Панфёрова,22,137,1959,,,,,
Васильев Кирилл Ильич,Улица Гарибальди,1,181,1957,,,,,
Воронин Сергей Дмитриевич,Улица Кравченко,7,57,1974,,,,,
Богданов Владимир Маркович,Ленинский проспект,23,240,1960,,,,,
Иванов Артём Иванович,Улица Крупской,5,196,1994,,,,,
Фомин Артём Андреевич,Улица Кравченко,7,201,2001,,,,,
Чернышев Платон Артёмович,Ленинский проспект,10,14,2000,,,,,
Миронов Илья Мирославович,Улица Панфёрова,21,266,1989,,,,,
Никитина Мария Руслановна,Улица Академика Пилюгина,9,172,2002,,,,,
Баранова Майя Михайловна,Улица Крупской,20,239,1975,,,,,
Сидоров Матвей Даниилович,Улица Академика Пилюгина,9,35,2000,,,,,
Коротков Кирилл Мирославович,Улица Вавилова,30,105,1997,,,,,
Тарасова Арина Глебовна,Улица Панфёрова,27,92,1964,,,,,
Орлов Игорь Александрович,Улица Кравченко,5,170,1959,,,,,
Сергеев Михаил Станиславович,Улица Гарибальди,23,118,1968,,,,,
Блохина Елизавета Ильинична,Улица Архитектора Власова,4,182,1997,,,,,
Миронов Иван Никитич,Улица Крупской,19,130,1997,,,,,
Семенова Виктория Ивановна,Улица Крупской,18,72,1997,,,,,
Астахова София Ильинична,Проспект Вернадского,4,75,1979,,,,,
Романов Сергей Михайлович,Улица Архитектора Власова,12,192,1961,,,,,
Серебрякова Дарья Георгиевна,Улица Академика Пилюгина,25,214,1999,,,,,
Сергеев Михаил Станиславович,Улица Панфёрова,1,12,1996,,,,,
Максимова Анна Фёдоровна,Проспект Вернадского,18,118,1969,,,,,
Латышев Роман Михайлович,Ленинский проспект,17,198,1953,,,,,
Семенова Виктория Ивановна,Улица Строителей,22,88,1967,,,,,
Романов Сергей Михайлович,Улица Марии Ульяновой,4,279,1950,,,,,
Шилова Алиса Ивановна,Улица Панфёрова,11,49,1954,,,,,
Шилова Алиса Ивановна,Улица Архитектора Власова,21,46,1996,,,,,
Александрова Василиса Ивановна,Улица Академика Пилюгина,2,277,1955,,,,,
Колесников Георгий Маркович,Улица Архитектора Власова,12,195,1963,,,,,
Попов Илья Матвеевич,Проспект Вернадского,17,183,1988,,,,,
Голиков Лев Никитич,Улица Академика Пилюгина,4,105,1986,,,,,
Андреева Ева Андреевна,Улица Гарибальди,6,124,1975,,,,,
Карпова Арина Григорьевна,Проспект Вернадского,20,108,1950,,,,,
Чернышев Платон Артёмович,Улица Строителей,9,121,1980,,,,,
Яковлев Леонид Константинович,Улица Строителей,20,220,1979,,,,,
Абрамова Кристина Андреевна,Улица Крупской,17,274,1969,,,,,
Шестаков Андрей Львович,Улица Панфёрова,26,2,1973,,,,,
Филимонова Анна Владимировна,Улица Строителей,1,181,1983,,,,,
Ананьев Алексей Семёнович,Улица Строителей,2,229,1985,,,,,
Дорофеев Никита Александрович,Улица Вавилова,16,296,1990,,,,,
Орлова Алёна Романовна,Улица Марии Ульяновой,5,29,1994,,,,,
Николаева Валерия Владимировна,Улица Архитектора Власова,12,181,1998,,,,,
Копылов Григорий Платонович,Улица Панфёрова,2,156,1963,,,,,
Левин Сергей Ильич,Улица Архитектора Власова,22,84,1959,,,,,
Петрова Алиса Степановна,Улица Вавилова,8,153,1988,,,,,
Голиков Лев Никитич,Улица Вавилова,22,22,1979,,,,,
Скворцов Максим Мирославович,Улица Панфёрова,19,224,2003,,,,,
Горелов Владимир Дмитриевич,Улица Гарибальди,10,170,1976,,,,,
Горелов Владимир Дмитриевич,Улица Вавилова,5,158,1972,,,,,
Латышев Роман Михайлович,Улица Академика Пилюгина,24,153,1961,,,,,
Громова Кира Антоновна,Улица Крупской,9,86,1965,,,,,
Шишкин Константин Павлович,Улица Вавилова,13,109,1996,,,,,
Романова Вероника Николаевна,Улица Кравченко,1,77,1970,,,,,
Овчинникова Дарья Ильинична,Нахимовский проспект,9,49,1969,,,,,
Куликова Мария Никитична,Улица Кравченко,23,220,1950,,,,,
Захаров Николай Александрович,Улица Академика Пилюгина,7,255,2005,,,,,
Новикова Кристина Васильевна,Ленинский проспект,18,105,1961,,,,,
Гришина Кира Артемьевна,Улица Гарибальди,1,124,1976,,,,,
Горелов Владимир Дмитриевич,Улица Архитектора Власова,24,222,2004,,,,,
Прокофьев Дмитрий Родионович,Нахимовский проспект,30,224,1962,,,,,
Никитина Мария Руслановна,Нахимовский проспект,1,245,1960,,,,,
Орлова Алёна Романовна,Улица Строителей,13,128,1965,,,,,
Егорова Надежда Дмитриевна,Улица Крупской,5,73,1973,,,,,
Беляева Ева Данииловна,Нахимовский проспект,21,300,1970,,,,,
Соколов Михаил Романович,Ленинский проспект,23,192,1964,,,,,
Ананьев Алексей Семёнович,Улица Панфёрова,1,204,1961,,,,,
Максимова Полина Кирилловна,Нахимовский проспект,23,205,1969,,,,,
Астахова София Ильинична,Улица Архитектора Власова,22,151,1964,,,,,
Алексеев Матвей Яковлевич,Улица Академика Пилюгина,18,249,1991,,,,,
Тихонова Мария Фёдоровна,Ленинский проспект,24,128,1967,,,,,
Денисов Илья Дмитриевич,Улица Кравченко,11,1,1957,,,,,
Максимова Полина Кирилловна,Улица Архитектора Власова,16,279,2005,,,,,
Островский Макар Глебович,Улица Архитектора Власова,19,152,1992,,,,,
Васильев Кирилл Ильич,Улица Кравченко,20,115,1960,,,,,
Кожевников Иван Евгеньевич,Ленинский проспект,24,59,1964,,,,,
Колесников Георгий Маркович,Улица Крупской,5,201,1962,,,,,
Ларина Александра Ярославовна,Улица Кравченко,13,179,1996,,,,,
Андреева Ева Андреевна,Улица Вавилова,18,290,1952,,,,,
Фирсова Василиса Марковна,Улица Панфёрова,5,298,2004,,,,,
Плотников Елисей Ильич,Улица Строителей,19,57,1994,,,,,
Куликова Мария Никитична,Улица Строителей,21,222,1973,,,,,
Ананьев Алексей Семёнович,Улица Гарибальди,20,73,1962,,,,,
Самсонова Милана Матвеевна,Улица Строителей,3,46,1978,,,,,
Никонова София Константиновна,Нахимовский проспект,30,231,1970,,,,,
Суслов Демид Дмитриевич,Ленинский проспект,22,36,1993,,,,,
Ларина Александра Ярославовна,Улица Архитектора Власова,5,101,1961,,,,,
Петровская Анастасия Макаровна,Улица Архитектора Власова,25,266,1984,,,,,
Кукушкин Павел Львович,Улица Гарибальди,12,103,1964,,,,,
Пономарева Мирослава Григорьевна,Улица Крупской,14,273,1986,,,,,
Дорофеева Анна Фёдоровна,Улица Крупской,16,107,1951,,,,,
Сергеев Михаил Станиславович,Улица Архитектора Власова,16,231,1978,,,,,
Васильева София Николаевна,Улица Марии Ульяновой,7,113,1960,,,,,
Щеглова Мария Артёмовна,Улица Крупской,13,82,1997,,,,,
Абрамова Кристина Андреевна,Улица Кравченко,19,63,1957,,,,,
Усова Алиса Николаевна,Улица Архитектора Власова,29,197,1976,,,,,
Прокофьев Дмитрий Родионович,Улица Кравченко,19,24,1994,,,,,
Соколова Полина Романовна,Улица Академика Пилюгина,7,255,1977,,,,,
Антонов Артём Платонович,Улица Гарибальди,27,126,1960,,,,,
Терентьева Арина Марковна,Ленинский проспект,5,6,1978,,,,,
Алексеев Матвей Яковлевич,Улица Панфёрова,8,17,2001,,,,,
Суслов Демид Дмитриевич,Улица Архитектора Власова,22,17,1984,,,,,
Суслов Демид Дмитриевич,Нахимовский проспект,9,286,1955,,,,,
Алешина Кристина Евгеньевна,Нахимовский проспект,27,99,1998,,,,,
Прокофьев Дмитрий Родионович,Улица Вавилова,8,103,1979,,,,,
Максимова Алиса Ярославовна,Улица Крупской,17,143,1973,,,,,
Александрова Василиса Ивановна,Улица Марии Ульяновой,11,132,1988,,,,,
Зубков Алексей Арсеньевич,Улица Вавилова,6,19,1988,,,,,
Петров Георгий Николаевич,Улица Марии Ульяновой,23,53,1954,,,,,
Волков Кирилл Маркович,Улица Строителей,13,34,1981,,,,,
Денисов Алексей Романович,Улица Вавилова,22,160,1967,,,,,
Карпов Григорий Иванович,Улица Марии Ульяновой,29,57,1988,,,,,
Терентьева Арина Марковна,Улица Марии Ульяновой,10,84,1999,,,,,
Левин Максим Богданович,Улица Кравченко,28,105,1964,,,,,
Васильев Михаил Константинович,Улица Гарибальди,23,48,1962,,,,,
Иванов Даниил Олегович,Улица Гарибальди,28,17,1978,,,,,
Денисов Илья Дмитриевич,Улица Архитектора Власова,17,119,1972,,,,,
Лебедева Василиса Андреевна,Улица Архитектора Власова,1,284,1981,,,,,
Озеров Григорий Иванович,Улица Кравченко,12,94,1990,,,,,
Орлов Георгий Иванович,Улица Гарибальди,24,257,1952,,,,,
Петров Георгий Николаевич,Улица Кравченко,20,235,1999,,,,,
Егоров Глеб Семёнович,Улица Кравченко,4,154,1966,,,,,
Беляева Ева Данииловна,Ленинский проспект,11,188,1985,,,,,
Антонов Артём Платонович,Улица Крупской,11,299,1956,,,,,
Соколова Полина Романовна,Улица Панфёрова,5,261,1965,,,,,
Крючков Вячеслав Андреевич,Улица Марии Ульяновой,9,172,2004,,,,,
Соловьева Елизавета Ивановна,Улица Строителей,16,109,1967,,,,,
Дмитриев Ярослав Романович,Улица Вавилова,7,27,1955,,,,,
Тихомиров Герман Даниилович,Улица Вавилова,3,272,1958,,,,,
Анохина Полина Кирилловна,Улица Кравченко,15,116,2002,,,,,
Козлов Глеб Матвеевич,Улица Академика Пилюгина,18,210,2002,,,,,
Алексеев Степан Семёнович,Проспект Вернадского,4,130,1984,,,,,
Соколова Полина Романовна,Нахимовский проспект,7,126,1979,,,,,
Романов Сергей Михайлович,Улица Архитектора Власова,22,139,1966,,,,,
Дьякова Анастасия Александровна,Нахимовский проспект,7,33,1958,,,,,
Белов Максим Демидович,Улица Архитектора Власова,17,71,1994,,,,,
Симонов Роман Андреевич,Улица Строителей,2,139,1990,,,,,
Павлов Кирилл Александрович,Улица Крупской,8,256,1987,,,,,
Богданов Владимир Маркович,Улица Вавилова,10,116,1994,,,,,
Соловьева Елизавета Ивановна,Улица Марии Ульяновой,29,71,1987,,,,,
Колесников Георгий Маркович,Улица Кравченко,9,80,1963,,,,,
Калинин Даниил Артёмович,Улица Панфёрова,19,21,1996,,,,,
Суворов Макар Александрович,Улица Гарибальди,19,136,1994,,,,,
Захаров Николай Александрович,Улица Крупской,18,188,1950,,,,,
Шишкин Константин Павлович,Улица Вавилова,25,166,1972,,,,,
Соколова Полина Романовна,Улица Гарибальди,12,242,1952,,,,,
Петров Георгий Николаевич,Проспект Вернадского,13,91,1982,,,,,
Павлов Кирилл Александрович,Нахимовский проспект,7,226,1988,,,,,
Денисов Илья Дмитриевич,Улица Архитектора Власова,25,13,1950,,,,,
Тихонов Константин Артёмович,Ленинский проспект,8,91,1989,,,,,
Суслов Демид Дмитриевич,Улица Марии Ульяновой,23,200,1971,,,,,
Копылов Григорий Платонович,Улица Марии Ульяновой,15,120,1995,,,,,
Карпов Александр Тимурович,Улица Архитектора Власова,2,254,1962,,,,,
Петровская Анастасия Макаровна,Улица Крупской,13,220,1960,,,,,
Григорьев Пётр Александрович,Улица Крупской,13,204,1958,,,,,
Прохоров Андрей Арсеньевич,Улица Гарибальди,25,297,1976,,,,,
Соколова Полина Романовна,Улица Панфёрова,23,57,1985,,,,,
Родионова Дарья Александровна,Улица Вавилова,26,198,1964,,,,,
Овчинникова Ольга Ильинична,Улица Гарибальди,2,211,1991,,,,,
Васильева София Марковна,Улица Академика Пилюгина,18,161,1974,,,,,
Васильева Вероника Мироновна,Улица Крупской,30,262,1955,,,,,
Гордеева Диана Михайловна,Улица Панфёрова,2,46,1997,,,,,
Ларина Александра Ярославовна,Улица Вавилова,21,202,1966,,,,,
Денисов Илья Дмитриевич,Улица Архитектора Власова,15,216,1961,,,,,
Астахова Виктория Васильевна,Улица Кравченко,27,281,1966,,,,,
Никитина Мария Руслановна,Улица Строителей,21,1,1981,,,,,
Анохина Полина Кирилловна,Улица Гарибальди,28,224,1973,,,,,
Соколова Василиса Александровна,Ленинский проспект,11,15,1967,,,,,
Кудрявцева Анна Тимофеевна,Улица Вавилова,20,193,2001,,,,,
Лебедева Василиса Андреевна,Нахимовский проспект,13,297,2003,,,,,
Лебедева Василиса Андреевна,Проспект Вернадского,1,276,2004,,,,,
Кожевников Иван Евгеньевич,Ленинский проспект,30,187,2005,,,,,
Левин Сергей Ильич,Улица Марии Ульяновой,7,152,1987,,,,,
Новикова Елизавета Дмитриевна,Улица Марии Ульяновой,22,30,1989,,,,,
Блохина Елизавета Ильинична,Проспект Вернадского,19,25,1964,,,,,
Левин Максим Богданович,Улица Архитектора Власова,29,206,1969,,,,,
Павлов Кирилл Александрович,Нахимовский проспект,8,95,1980,,,,,
Тихомиров Герман Даниилович,Ленинский проспект,1,51,1972,,,,,
Пономарева Ирина Александровна,Улица Марии Ульяновой,25,176,1970,,,,,
Сазонова Анастасия Александровна,Улица Марии Ульяновой,13,257,1979,,,,,
Сидоров Матвей Даниилович,Улица Архитектора Власова,4,69,1982,,,,,
Астахова София Ильинична,Улица Строителей,27,127,1998,,,,,
Новикова Кристина Васильевна,Нахимовский проспект,16,205,1955,,,,,
Белова Анастасия Ивановна,Улица Крупской,19,152,1956,,,,,
Громова Кира Антоновна,Улица Кравченко,4,243,1982,,,,,
Астахова София Ильинична,Проспект Вернадского,20,9,1970,,,,,
Максимова Полина Максимовна,Улица Вавилова,3,112,1951,,,,,
Овчинникова Ольга Ильинична,Улица Вавилова,30,194,1983,,,,,
Абрамова Кристина Андреевна,Улица Крупской,14,197,1950,,,,,
Мартынов Даниил Демьянович,Улица Академика Пилюгина,15,261,1988,,,,,
Сергеев Гордей Ярославович,Улица Панфёрова,13,20,1985,,,,,
Островский Макар Глебович,Улица Академика Пилюгина,19,71,1993,,,,,
Самсонова Милана Матвеевна,Улица Марии Ульяновой,18,146,1989,,,,,
Козлов Глеб Матвеевич,Улица Строителей,12,107,1971,,,,,
Жданова Ульяна Никитична,Улица Вавилова,6,58,1983,,,,,
Петров Георгий Николаевич,Улица Гарибальди,13,255,1957,,,,,